cluster,omset,laba,aset,total_tenaga_kerja,umur_usaha,rasio_laba_omset,top_jenis_usaha,cluster_size
0,6470519.964098728,-3086261.9588926174,6877516.54857997,98.36693847294292,12.738839285714286,-1.102587152343768,Pendidikan,1349
1,27667393.895664405,22621566.46893164,5040213.829857663,97.7119934506754,12.997188223618922,0.7476800846927394,Jasa,12215
