cluster,omset,laba,aset,total_tenaga_kerja,umur_usaha,rasio_laba_omset,top_jenis_usaha,cluster_size
0,27656812.18793978,22620336.52650957,5040003.801546392,97.71886761577483,12.997299950908198,0.7472518601310597,Jasa,12222
1,6429890.7123695975,-452839.9441132638,6892050.374441133,98.30774962742176,12.737704918032787,-1.1083383520951886,Pendidikan,1342
